test,val,train
TCGA-44-6148-01Z-00-DX1.94c29c83-1085-458f-a0c9-3ffa8592cb98,TCGA-05-4398-01Z-00-DX1.269bc75f-492e-48b1-87ee-85924aa80e74,TCGA-49-4490-01Z-00-DX1.bde106d9-1494-4775-b77d-11c86bb09b72
TCGA-55-8299-01Z-00-DX1.6F652EC5-EBB8-499C-A66D-E0951FBFCAA2,TCGA-05-4244-01Z-00-DX1.d4ff32cd-38cf-40ea-8213-45c2b100ac01,TCGA-86-7701-01Z-00-DX1.a8a6e71e-9fa9-42c6-a186-0ac7526e9960
TCGA-75-5122-01Z-00-DX1.627FD712-3881-44CC-83E0-6C4DFC6C88C1,TCGA-53-7626-01Z-00-DX1.FD4CAF75-07B5-4117-83DD-99233DAA3EBC,TCGA-MP-A4TJ-01Z-00-DX1.14EDBE5C-5D0C-4002-BE95-AF5C9D9F3D43
TCGA-NJ-A55A-01Z-00-DX1.42C356FE-52A3-4A60-886B-75F84ADBC534,TCGA-93-7348-01Z-00-DX1.d657dc43-ca6c-404a-8ebe-6e6b78a8d1d1,TCGA-86-6562-01Z-00-DX1.5dea3015-e606-4837-9f99-ac14f0aa091b
TCGA-05-4415-01Z-00-DX1.55E0C429-B308-4962-8DA9-41D7D3F7764E,TCGA-55-6975-01Z-00-DX1.2762a872-b1c3-47fd-8ed5-b715a5b20163,TCGA-44-7660-01Z-00-DX1.f96c114b-f0fc-498a-97cc-e262344de357
TCGA-55-1592-01Z-00-DX1.ee15e261-2f9c-4a93-a19f-27cb1c3bae15,TCGA-97-7547-01Z-00-DX1.3563966f-21ee-4405-9106-9e0bf8df9f1a,TCGA-55-A491-01Z-00-DX1.E5F3B4E5-18EA-4067-AE28-119DABCE739A
TCGA-73-7498-01Z-00-DX1.5313bba9-7f6a-49b4-8d6e-a0f46a04f189,TCGA-78-7147-01Z-00-DX1.a9fd2c5d-b8f3-4524-bd64-6c3362ce373b,TCGA-MN-A4N1-01Z-00-DX2.9B0852C4-16BF-4962-B86F-E2570E48A89E
TCGA-49-4494-01Z-00-DX2.cac5ed0a-98c3-4d37-a4f4-9596a061836a,TCGA-35-4122-01Z-00-DX1.2ac022e4-e796-49e5-9a24-f0ff3f76a527,TCGA-55-7816-01Z-00-DX1.A58C6196-E1A0-48B3-9B77-2EDCD7A43CBA
TCGA-MP-A4T2-01Z-00-DX1.ADE8B45C-26F3-465E-ADB6-2C36E6326974,TCGA-49-6744-01Z-00-DX4.a3d7995d-399f-4c53-aab8-adc4ea4dbfa8,TCGA-69-8453-01Z-00-DX1.C472096B-95BA-42CD-ADEB-326C38F9DC95
TCGA-49-4488-01Z-00-DX10.930e7dc2-6073-4bf2-9b70-f17c0b26bdee,TCGA-49-6744-01Z-00-DX2.1982e585-65a4-4330-9140-ccabcdd106f8,TCGA-50-8459-01Z-00-DX1.24D876E7-5265-4C5D-A215-0BAE5450EEF3
TCGA-78-7154-01Z-00-DX1.596c20c2-e811-4b5e-961c-98343afcccde,TCGA-49-6744-01Z-00-DX3.fa64d744-6caa-4f62-8689-33da9c312838,TCGA-99-8032-01Z-00-DX1.7380b78f-ea25-43e0-ac90-194b5c6b1432
TCGA-L9-A5IP-01Z-00-DX1.E699D989-8BB8-41DF-9B95-A880858653E6,TCGA-49-6744-01Z-00-DX1.40f8f751-b756-4576-b1ee-8dd2e8f89ff7,TCGA-MP-A4T8-01Z-00-DX1.3ECB340F-66C7-4F64-8E00-463BF82AAD83
TCGA-55-1594-01Z-00-DX1.bd90c500-7c0b-4c45-a3f7-2d9177384b1d,TCGA-50-6591-01Z-00-DX1.12e1050b-75e9-4059-b945-291995b3e93c,TCGA-44-4112-01Z-00-DX1.5380b3b4-0e24-4c6c-aa8c-298c5fbe068f
TCGA-49-4501-01Z-00-DX3.b6c2cc84-1c94-4816-92e7-8cf4446ac9ac,TCGA-62-A46U-01Z-00-DX1.5129535F-8B6A-4647-8A88-3EE125642874,TCGA-55-7281-01Z-00-DX1.a92dafa4-3a65-4f5c-97f0-83aff231274a
TCGA-80-5608-01Z-00-DX1.CB85BA53-AF00-4C7D-8489-C2FF0F4F49AB,TCGA-97-A4M2-01Z-00-DX1.5C72522C-1538-4D68-B517-5FB05A9D401A,TCGA-55-1596-01Z-00-DX1.de65522d-92ab-408e-9b7e-24210d386b97
TCGA-MP-A4SY-01Z-00-DX1.9535274F-C850-409E-80A1-B933B2F1A110,TCGA-95-8039-01Z-00-DX1.38b07435-987d-495d-9940-ba5f20e6ef97,TCGA-69-7760-01Z-00-DX1.7fc295e3-5bfc-4017-801c-491489d0eb34
TCGA-44-7659-01Z-00-DX1.818bf5b3-b4c1-4d23-a6ae-98d5015eb8c1,TCGA-50-5946-01Z-00-DX1.5076CACA-E3C0-4114-BA69-5B4896FF0C4B,TCGA-60-2698-01Z-00-DX1.738ae69e-5170-46d6-b691-9f761f9a794b
TCGA-49-4512-01Z-00-DX4.5161fcf5-62a3-4f7d-8a55-9a24a7d70efb,TCGA-49-4506-01Z-00-DX1.b13b8ef2-fd06-4309-a767-696a9afeaedd,TCGA-85-A512-01Z-00-DX1.154BBD51-803C-46F0-840E-D2597E648365
TCGA-97-A4M5-01Z-00-DX1.283AFBA6-A349-425F-A18E-5CA186084C23,TCGA-49-4506-01Z-00-DX4.9460a2c1-efe2-4095-9b0e-dfe0eda684ba,TCGA-66-2766-01Z-00-DX1.05729d5f-7c12-44e1-9a61-90296f555e89
TCGA-55-6980-01Z-00-DX1.2f1d1858-42b9-4e3b-966d-2f3f429570a6,TCGA-49-4506-01Z-00-DX2.81e180ae-bd9f-49cc-9a0f-297800cc7280,TCGA-22-4607-01Z-00-DX1.5C521672-8405-43A2-ACB5-16174A74BCB7
TCGA-49-4507-01Z-00-DX2.a7bfbeee-00ea-4301-ace4-ce591807e2d3,TCGA-49-4506-01Z-00-DX3.a05a3969-bbef-48d8-86de-f51c8870afd6,TCGA-66-2800-01Z-00-DX1.19a7cec8-8894-4755-aa2c-ae5266800355
TCGA-86-8585-01Z-00-DX1.bc0b1c69-f71d-46fc-8195-2d205002e6e5,TCGA-62-A46V-01Z-00-DX1.631E54D0-9E57-4932-B4EF-81820E56A95B,TCGA-68-7755-01Z-00-DX1.62BC3770-5E81-4006-8F60-47BC66150AB3
TCGA-97-A4LX-01Z-00-DX1.B2334672-A626-4E74-B4D1-A79F70F65909,TCGA-75-5146-01Z-00-DX1.4958A631-7E6F-4FBB-A1C3-B8F8368D46C5,TCGA-37-4141-01Z-00-DX1.65256656-b0e0-4705-ad00-38f6c8922cfc
TCGA-67-3770-01Z-00-DX1.4C14BE72-905C-4AAE-B07A-6437D98A23FA,TCGA-55-6984-01Z-00-DX1.d53e387a-9618-4486-98f3-a75604f25a7d,TCGA-85-7697-01Z-00-DX1.b33aa550-81b0-4fab-8243-d041b0beaab5
TCGA-86-A4P7-01Z-00-DX1.37026DCF-5A81-4098-B444-C8A40CA168D0,TCGA-55-8302-01Z-00-DX1.E0C2B152-BBA9-4AA7-9E6B-BD57B68163CB,TCGA-18-3419-01Z-00-DX1.69597BCF-2D4E-4D9B-B4E8-C03137445AF4
TCGA-91-A4BC-01Z-00-DX1.8D8783B1-D1BA-4970-B77B-3AED8506C487,TCGA-55-8506-01Z-00-DX1.A908E3D2-91F7-4DE2-98C9-95D1038B9F49,TCGA-37-4135-01Z-00-DX1.3f193ee1-530c-4f37-a669-56af75bba8db
TCGA-55-6983-01Z-00-DX1.8f940a64-1f1b-4e6e-99ea-418175be2b3f,TCGA-86-8075-01Z-00-DX1.171bd8bd-af24-4770-b24b-732e675efd75,TCGA-85-6560-01Z-00-DX1.bf857c85-ebe7-4135-a4ec-038a57efc319
TCGA-49-4494-01Z-00-DX5.1e9e22d6-a4c9-40d1-aedb-b6cd404fe16f,TCGA-50-6597-01Z-00-DX1.ec7fc0b2-78a1-4384-bddd-e89f02ee5eb6,TCGA-56-7223-01Z-00-DX1.dd01c478-6dfa-4757-85fd-d956d70ec372
TCGA-73-4666-01Z-00-DX1.dd9c8922-ddd1-4674-8124-9e334532e47e,TCGA-55-6979-01Z-00-DX1.9238436e-3886-4a10-86fe-26658967dff2,TCGA-85-8666-01Z-00-DX1.d856233a-beef-4da2-a724-759fe23e6227
TCGA-86-8359-01Z-00-DX1.11B8FDC3-4B84-4A22-B89D-46EA76345F13,TCGA-44-7672-01Z-00-DX1.71f4a0c6-a9cc-481c-ace8-c8c314952aa1,TCGA-33-4547-01Z-00-DX6.2bcc33c0-31f2-4354-b954-64bd646f40df
TCGA-97-7552-01Z-00-DX1.a5ab8959-ff7a-4287-b014-87439957fb67,TCGA-05-4424-01Z-00-DX1.4892016C-1A96-4A72-ACB8-FFD282FC4E69,TCGA-85-8277-01Z-00-DX1.ffad077e-e969-40ba-8504-2f2103911758
TCGA-50-5045-01Z-00-DX1.ec50bbfc-1721-4e94-ac11-9ebd843e11ba,TCGA-38-4631-01Z-00-DX1.5e0c873a-9c4c-4e0b-bf2e-e3cd8b760761,TCGA-77-7140-01Z-00-DX1.e75db0f0-839e-4ade-aa52-aa4736318d6c
TCGA-49-4501-01Z-00-DX1.9c4bf212-5e32-449e-8710-cf7a3594156e,TCGA-L9-A743-01Z-00-DX1.27ED2955-E8B5-4A3C-ADAA-82568ECCFB83,
TCGA-44-A47A-01Z-00-DX1.62448803-3A7B-41EC-9794-67916DA0792E,TCGA-MP-A4TC-01Z-00-DX1.C7DB4A7F-F6B8-4FA0-84C1-9B87D41C7749,
TCGA-55-8508-01Z-00-DX1.96B173E2-A298-4017-9AEC-113E547A3272,TCGA-55-7995-01Z-00-DX1.fef24d04-35a0-4f57-8f51-7ad602a78871,
TCGA-55-8619-01Z-00-DX1.46C7678A-6032-4C95-B535-85C87B92B6ED,TCGA-62-A46R-01Z-00-DX1.AD823FBA-A63F-4D36-8B84-2C995DE5FC47,
TCGA-49-AAR2-01Z-00-DX1.1F09F896-446E-4C55-8D01-6C34A98AB1D2,TCGA-55-6712-01Z-00-DX1.8cd4b879-294e-4da0-8636-704f61b510dc,
TCGA-55-8615-01Z-00-DX1.928CFCA6-059D-4901-8D6A-BC7D9486C29F,TCGA-53-7624-01Z-00-DX1.51b4de19-3531-4bcb-b822-fa966480f2ad,
TCGA-49-4488-01Z-00-DX2.ce896a98-8b45-4606-8849-3a377b81e3de,TCGA-05-4418-01Z-00-DX1.f3863ea5-564f-482f-9878-cc104cf69401,
TCGA-55-8621-01Z-00-DX1.7C519007-D59D-432A-BF4D-23D14A1C8BB6,TCGA-78-7146-01Z-00-DX1.830209b2-94c5-4277-a7b6-b2f2634de0dc,
TCGA-55-7576-01Z-00-DX1.3a6142e9-c90a-4938-a1d1-061c2ac261f0,TCGA-78-8648-01Z-00-DX1.D3EAEF8E-E739-490F-BF48-A4796B0C0E7A,
TCGA-49-4507-01Z-00-DX1.1df4e286-ea89-4c38-ad53-a26e5b7b0402,TCGA-55-8203-01Z-00-DX1.f530d261-be19-4ff0-98d0-27b789dffb23,
TCGA-L9-A8F4-01Z-00-DX1.E2BBB8DE-94E2-4781-9B55-8A4CFBF8A69D,TCGA-73-4658-01Z-00-DX1.d5beb44f-9d76-485a-8af4-407b0f1a610e,
TCGA-44-2657-01Z-00-DX1.b7f608bd-2381-40a2-a757-ca4648a7de8a,TCGA-73-7499-01Z-00-DX1.81f5c1c1-3d40-4773-a1fb-e1f8eb9f6730,
TCGA-44-6774-01Z-00-DX1.f169485b-f863-4be0-9844-258d78170b64,TCGA-55-7574-01Z-00-DX1.09639e6a-d85f-4d84-abbc-0f5a6d679683,
TCGA-78-7539-01Z-00-DX1.b838d859-2fb7-48d1-a442-d366ac404099,TCGA-86-8674-01Z-00-DX1.9fcaae4e-4062-45ab-a49d-7dba43040919,
TCGA-95-8494-01Z-00-DX1.716299EF-71BB-4095-8F4D-F0C2252CE594,TCGA-73-4662-01Z-00-DX1.76e23a15-0917-44ad-9181-50100d318003,
TCGA-38-4627-01Z-00-DX1.fe406eb9-b38b-410d-aa1a-84ab8ac091c7,TCGA-44-7661-01Z-00-DX1.baf72abd-edb9-4f56-beb3-f5138aa50930,
TCGA-55-7815-01Z-00-DX1.288408e6-f6b3-4de4-a1ce-cb2498d9d46d,TCGA-93-A4JO-01Z-00-DX1.314C53B6-603C-402B-8CF7-E3CE851A0A0F,
TCGA-86-7711-01Z-00-DX1.f64dd9d8-b9ca-4d1f-9783-d1042979132d,TCGA-86-8279-01Z-00-DX1.fd12b60e-d181-454b-a655-298a973a849d,
TCGA-50-5942-01Z-00-DX1.da1b1274-8740-4c79-adf9-25800913eafa,TCGA-78-8640-01Z-00-DX1.6F929E56-34D5-45A6-8A9E-ACB4B88A68B1,
TCGA-55-8620-01Z-00-DX1.6591EEC4-D696-4826-80BD-99BE1D99EBB8,TCGA-05-4382-01Z-00-DX1.76b49a4c-dbbb-48b0-b677-6d3037e5ce88,
TCGA-44-A47F-01Z-00-DX1.C1EC3F2D-33C8-483B-9DDA-2F01B5FED618,TCGA-86-6851-01Z-00-DX1.0b13e600-fd7b-44a2-9ec2-26e9938fb7bc,
TCGA-50-8457-01Z-00-DX1.F4B6ECCE-F22B-43FC-9A08-4366A24A67A4,TCGA-69-7978-01Z-00-DX1.90a2bf2f-18e2-4bfe-b858-d2de619e2493,
TCGA-64-5779-01Z-00-DX1.B3268447-DCE0-4927-B5A9-EC4D61E9B17D,TCGA-44-2656-01Z-00-DX1.5f247f31-4bb5-460d-a1f7-7dcdba33c835,
TCGA-MN-A4N4-01Z-00-DX2.9550732D-8FB1-43D9-B094-7C0CD310E9C0,TCGA-NJ-A4YQ-01Z-00-DX1.56C29975-77E9-4822-A9E1-83AD70D6C5F7,
TCGA-49-4512-01Z-00-DX7.1f758560-85e2-4cf9-a81a-317536d96bcc,TCGA-44-7662-01Z-00-DX1.2f0b6cea-795a-40ad-93a9-319858e6fb3b,
TCGA-50-5045-01Z-00-DX2.0FCA12EA-572E-4A7D-900D-6E200892170E,TCGA-53-A4EZ-01Z-00-DX1.5D155F0B-A677-4589-AF00-A4C451F5B6B6,
TCGA-49-4488-01Z-00-DX8.b9fb358a-9618-4956-9544-c2ffe2678095,TCGA-44-A479-01Z-00-DX1.CA5654C6-A623-452E-A8AC-DB6279CA97B1,
TCGA-86-A4P8-01Z-00-DX1.D65E8855-F7A1-4584-A501-BBFBC61C2DEB,TCGA-93-A4JP-01Z-00-DX1.994E229B-5251-4F61-8C41-863047F3A136,
TCGA-49-AAQV-01Z-00-DX1.4CC37621-C952-4684-96E3-9B97CDAD8056,TCGA-64-1679-01Z-00-DX1.f9fd24ef-d51c-4530-9fb5-e8a8f09dba73,
TCGA-44-3919-01Z-00-DX1.41144972-46a1-4b25-9faa-ed1b9d1996d2,TCGA-MP-A4T6-01Z-00-DX1.085C4F5A-DB1B-434A-9D62-E2187D133B0A,
TCGA-78-7537-01Z-00-DX1.e5597e41-ebba-4d6f-8a1f-15cd81d8f026,TCGA-69-7761-01Z-00-DX1.aa7ef5ef-8162-4961-a923-3a29646efba3,
TCGA-49-4487-01Z-00-DX1.3a3a0720-463c-430e-849b-e2f8991bdfa5,TCGA-MP-A4T4-01Z-00-DX1.5F72FF0B-59C0-4E95-A8C1-BF22A948F7AC,
TCGA-78-7149-01Z-00-DX1.1b83dbcb-0c9f-4e50-bb98-bf9a157052cf,TCGA-49-AARE-01Z-00-DX1.3559B3A9-6699-472F-B731-1BD9F93EE82A,
TCGA-93-A4JQ-01Z-00-DX1.24573112-917C-43E9-B0FD-763C290AA88A,TCGA-97-8552-01Z-00-DX1.69631717-0E05-49C1-B112-15C2E36BC2F8,
TCGA-55-A57B-01Z-00-DX1.8D3C7063-3AF6-4839-A656-F844EC0AF9DB,TCGA-86-8280-01Z-00-DX1.52627b97-1cfa-4382-819b-949b58c0f995,
TCGA-97-7941-01Z-00-DX1.6845ef95-2231-44a2-aeae-004a117f1964,TCGA-55-6985-01Z-00-DX1.428ad69e-c0ea-445e-8d38-fa2dab6eb81f,
TCGA-71-6725-01Z-00-DX1.b9e1d4aa-439d-481f-b24b-134c4e470f28,TCGA-97-8171-01Z-00-DX1.a55cbfd1-6674-4206-b3e0-2a4f12a74e5d,
TCGA-49-4514-01Z-00-DX2.f1565a36-257d-432e-a84d-47c1d7a0185f,TCGA-78-7156-01Z-00-DX1.9f7c8eb9-73de-49be-a487-e1fd4411b7b5,
TCGA-75-7030-01Z-00-DX1.5DDF24B5-00D1-4418-A067-A9B609E15314,TCGA-44-2666-01Z-00-DX1.f81a89cf-6033-47ea-9a43-290a5d6a28c1,
TCGA-97-A4M6-01Z-00-DX1.01D83621-3D8E-4339-9F9B-CBD3083D5AE0,TCGA-55-7914-01Z-00-DX1.875bffe1-8c56-4c29-ab11-6840ee3a643c,
TCGA-67-3772-01Z-00-DX1.CB05C5CC-2801-4BB9-94A0-83E9005BCA2E,TCGA-99-8028-01Z-00-DX1.23de89b1-67f8-41fb-980a-010ea190d687,
TCGA-55-8089-01Z-00-DX1.da4d99ff-4a7c-45a3-b79c-039c0c9e9712,TCGA-05-4395-01Z-00-DX1.20205276-ca16-46b2-914a-fe5e576a5cf9,
TCGA-64-5778-01Z-00-DX1.96C39819-8A65-4651-BE83-39959F6FAD05,TCGA-97-7937-01Z-00-DX1.6db4b2ff-722c-4bb8-b12f-15f1a38b4ab1,
TCGA-86-7714-01Z-00-DX1.8ee03c3b-013e-4dd5-aa0e-9c1a771cbdc5,TCGA-55-7903-01Z-00-DX1.40fc5dcb-b5bb-46b4-90bd-2eeb3ea880f5,
TCGA-49-AARN-01Z-00-DX1.E13AA041-978E-427D-AFA5-D3180224A03A,TCGA-86-8056-01Z-00-DX1.eee7e03a-842c-4a44-bff8-f7b906725605,
TCGA-O1-A52J-01Z-00-DX1.26F6ECCA-D614-4950-98E6-4D76E82F71B4,TCGA-49-AARR-01Z-00-DX1.9BCAFE3D-447C-40D6-85DD-AFABF6978376,
TCGA-55-7573-01Z-00-DX1.43a4bbd2-6a3b-4910-9356-2d750a736817,TCGA-55-7907-01Z-00-DX1.f5a264f5-3926-4d09-82f3-cd38d554f3db,
TCGA-44-2655-01Z-00-DX1.ee255271-780c-461c-ab23-5cd3504b5e4a,TCGA-97-7553-01Z-00-DX1.e31eec5e-0053-407a-b057-9b87555b122d,
TCGA-49-4512-01Z-00-DX1.ced0bda8-f2d6-4bcb-b2d6-b122846a3079,TCGA-78-7150-01Z-00-DX1.46e6e65c-521c-49de-b106-419dc840b235,
TCGA-62-A471-01Z-00-DX1.51A235BB-7F67-4C0D-8B15-2E26116D8822,TCGA-86-8671-01Z-00-DX1.1fd0019c-df9d-48cc-9055-8de57759f273,
TCGA-49-4514-01Z-00-DX3.3b247c08-3069-4100-9df4-734895adb954,TCGA-86-8074-01Z-00-DX1.0c34b434-8701-4060-a4ea-08a72371ee1e,
TCGA-78-8660-01Z-00-DX1.11E923ED-C01B-439D-8796-08C9E3DC2D93,TCGA-44-7667-01Z-00-DX1.2be2e379-7368-4fa7-a619-ace84febecb3,
TCGA-49-4512-01Z-00-DX8.c54237a3-93f4-432f-90f1-b930b7341741,TCGA-05-4420-01Z-00-DX1.2df0552e-87dc-491e-9be2-be8fbce2660d,
TCGA-49-4488-01Z-00-DX5.6380c697-c81b-48c8-863c-ea1cdd097464,TCGA-93-7347-01Z-00-DX1.a22b7163-07bd-4f6a-97c7-f1561c4d73cb,
TCGA-05-4434-01Z-00-DX1.f3f5c89c-306f-4876-98fa-f7bd231f2e10,TCGA-67-4679-01Z-00-DX1.a3d84341-fed7-4235-a053-638ed5294954,
TCGA-86-8358-01Z-00-DX1.C50100F8-9414-4A06-BEDF-93E7B01B24D6,TCGA-86-8673-01Z-00-DX1.21191041-c10e-4166-ad00-1243656feaa7,
TCGA-MN-A4N4-01Z-00-DX1.7D8352EF-7A4B-4084-9612-CF92D9D16041,TCGA-49-6745-01Z-00-DX6.3174fffa-c17c-44d1-8d21-1921a9ec1bee,
TCGA-75-7025-01Z-00-DX1.284477D7-4F47-4084-A15C-0A7E9571E3DF,TCGA-49-6745-01Z-00-DX4.48b4bbb5-4214-4bfb-91e8-bddfa2f03c92,
TCGA-49-4514-01Z-00-DX4.79e9e14e-72ea-4e9f-9719-d1a791cf0b43,TCGA-49-6745-01Z-00-DX3.40cd3c60-889c-4eaa-be55-36ab5d8b2400,
TCGA-44-7669-01Z-00-DX1.34d0c9ac-d3dc-4a5e-b99c-a8c1c1e120d1,TCGA-49-6745-01Z-00-DX5.9521a16f-d6a7-460c-b75c-7341d72ce727,
TCGA-67-3774-01Z-00-DX1.FE85FDCB-91D2-47C5-8D13-D622A51A7BE0,TCGA-49-6745-01Z-00-DX2.3b8e947b-885e-486f-9edc-f2b247bdf95b,
TCGA-55-8513-01Z-00-DX1.E21776FE-DF49-48D1-90D6-6F71D0764492,TCGA-49-6745-01Z-00-DX7.4bdde497-03d9-4e15-a00e-595baa3947b5,
TCGA-49-6743-01Z-00-DX1.ddae5601-6ffa-4a70-8755-8645d5e45135,TCGA-49-6745-01Z-00-DX1.6bf8a38c-5e3a-4b32-8870-03bc06c0db80,
TCGA-55-A4DF-01Z-00-DX1.C945E1AD-BEF4-403F-BB11-BAC831D24CDA,TCGA-55-A48X-01Z-00-DX1.A46C6373-8458-4D55-88C3-4C70A05F9F47,
TCGA-50-5055-01Z-00-DX1.0c9d846b-89b4-4b18-a2eb-0f8d8e0a33c7,TCGA-55-7994-01Z-00-DX1.a0858080-c471-4337-bc57-7af57e9d92d8,
TCGA-55-7913-01Z-00-DX1.2295fcc5-70b0-412e-a1fd-b5366fce0739,TCGA-44-6775-01Z-00-DX1.38d3bc6d-8bb5-4126-8d61-d39e6a1d7bcf,
TCGA-49-4494-01Z-00-DX3.e80b4534-4d6e-4d79-962e-017ffee24d67,TCGA-97-A4M3-01Z-00-DX1.16330A66-2501-48D2-AF6A-713698BF6918,
TCGA-49-4488-01Z-00-DX4.17c00349-5908-4944-9dba-5efea9a5373a,TCGA-73-4668-01Z-00-DX1.3470b27e-210f-4ff3-9dde-69aa85faa9ee,
TCGA-MP-A4T9-01Z-00-DX1.F7B341C4-EBCD-455F-BE90-3B77AC6B76EC,TCGA-69-8255-01Z-00-DX1.75d1666c-c088-405c-80da-52d84b990361,
TCGA-62-A46O-01Z-00-DX1.39B361AD-ED1D-4C0C-8611-0E8CCBDBD252,TCGA-91-A4BD-01Z-00-DX1.2E575CAC-6AEB-4049-972A-EA43457A9C9D,
TCGA-L9-A443-01Z-00-DX1.9F68A13A-2865-41BF-88A7-B0DF75961C6F,TCGA-55-6543-01Z-00-DX1.08806fe0-84d3-4fd6-8746-6cf557241958,
TCGA-49-4494-01Z-00-DX7.9f722476-622e-4374-9fda-ef35184f01e0,TCGA-49-6767-01Z-00-DX1.53459c0e-b8ec-4893-9910-87b63c503134,
TCGA-05-4422-01Z-00-DX1.4802093f-71ea-43d5-bd92-b4bd7fc8c5bf,TCGA-05-4417-01Z-00-DX1.6E534856-996F-4BD9-8AFC-7B1BF627E505,
TCGA-55-A492-01Z-00-DX1.31B23842-7F8B-4311-88DF-C51CB4F54AED,TCGA-69-A59K-01Z-00-DX1.01EAF520-9AC1-4ECC-8EF3-B9122924A1E3,
TCGA-05-4427-01Z-00-DX1.36CF4E93-3FBB-4346-A26B-85F0D9D0575D,TCGA-86-7713-01Z-00-DX1.23f9e213-b566-47bb-beb8-7d12b2f0508b,
TCGA-05-4433-01Z-00-DX1.5843D3CC-CB24-4A0A-BB65-78A5DAA11D84,TCGA-44-5643-01Z-00-DX1.83fb7631-0ecb-4473-bfb2-c8daa2f87d35,
TCGA-69-8254-01Z-00-DX1.83a81d08-8c70-4f07-b4da-cbd17c4fe4d4,TCGA-78-7163-01Z-00-DX1.42880bdf-271d-41dd-aada-e7ec1156ff31,
TCGA-49-4512-01Z-00-DX5.7198ce36-1fae-4da1-9f26-b7f43cf01133,TCGA-MP-A4SV-01Z-00-DX1.5430F2CF-BE4B-42D6-9CD4-92E6FB3F6E99,
TCGA-86-7955-01Z-00-DX1.ef4f4d94-5efb-4a07-97cf-b0ed69085827,TCGA-78-7153-01Z-00-DX1.5190321a-f1aa-4c6e-b4b9-6767b779682b,
TCGA-MP-A4SW-01Z-00-DX1.A6651B25-A35A-4BDE-9EBF-D264A02003C8,TCGA-73-4670-01Z-00-DX1.a92a23d5-01aa-45a2-9f83-4784cd65fd58,
TCGA-NJ-A4YI-01Z-00-DX1.C4111D01-27BF-486F-8E0E-C8053DB16133,TCGA-44-7670-01Z-00-DX1.2a981dd6-0063-438e-b20e-b180b16e2b23,
TCGA-35-3615-01Z-00-DX1.585128eb-6652-4b05-9a83-dc8f242904a6,TCGA-97-A4M1-01Z-00-DX1.1C4B8247-BA3F-4841-BC9D-554F03F7894C,
TCGA-44-A47G-01Z-00-DX1.810F67EC-3A0C-4056-B736-3331A11412CC,TCGA-L4-A4E6-01Z-00-DX1.1B537DE0-2CE3-4B90-9ED3-71F1F8747EE9,
TCGA-85-A50M-01Z-00-DX1.CFB67271-FC1B-4BA0-95DB-51D859D68D18,TCGA-55-7910-01Z-00-DX1.041e15d5-4852-49f6-85d9-74b510497651,
TCGA-NK-A7XE-01Z-00-DX1.47D9E488-0BB8-4611-A6BA-A6ABC32FA4C9,TCGA-44-6777-01Z-00-DX1.aca7b23d-a601-4476-8bfd-eb46f0b6a96e,
TCGA-77-7335-01Z-00-DX1.DDE20A50-7303-4A2D-936A-D02FE15A0752,TCGA-50-5066-01Z-00-DX1.e161df31-84a4-40a4-a6a2-748b60820f77,
TCGA-77-8007-01Z-00-DX1.06f0e4a1-936d-4bc2-acbf-cfec25fed190,TCGA-55-8085-01Z-00-DX1.ff220eba-3515-4d2e-b317-76337dd3d206,
TCGA-66-2789-01Z-00-DX1.93719e52-7dd4-4bbb-b908-c91db1d99b76,TCGA-55-8512-01Z-00-DX1.FD4B9CF5-1955-420E-A955-6D284772D2BE,
TCGA-66-2777-01Z-00-DX1.78b3c4b0-e7e5-427b-b4d7-3ca9c5b7bbd6,TCGA-97-7554-01Z-00-DX1.4107ca63-4642-42b9-b6f2-13778ecaf9a7,
TCGA-39-5011-01Z-00-DX1.be58f65a-0b90-4ba4-bc5f-df74d4a3df22,TCGA-73-4675-01Z-00-DX1.1027587f-8ec4-4b8c-8768-ff7b669683e0,
TCGA-18-3406-01Z-00-DX1.8D07F006-425C-4724-BBB3-5BA099401234,TCGA-38-7271-01Z-00-DX1.EF258BEB-8DEA-483E-823A-1E0B90AAA392,
TCGA-60-2719-01Z-00-DX1.e834671a-7468-4517-bf95-4e100f87e9a3,TCGA-55-7284-01Z-00-DX1.68b95b9b-1aab-4f03-aad3-1132467b7499,
TCGA-63-A5MR-01Z-00-DX1.CCF83112-AEEA-4F76-A43F-2AADE321CE68,TCGA-75-6206-01Z-00-DX1.63230D94-7015-4247-936D-E7ACD6692AB3,
TCGA-77-7338-01Z-00-DX1.52f2f410-a5cb-47e8-a4f9-242616a21e8e,TCGA-78-7536-01Z-00-DX1.6b066140-8b82-40a5-bd48-430eeb4463fe,
TCGA-39-5022-01Z-00-DX1.1bf6a4da-0b59-4478-bcf1-b004f0356342,TCGA-38-4632-01Z-00-DX1.5E05F85C-53BC-4280-8E7F-8B9DECEF849F,
TCGA-66-2771-01Z-00-DX1.b84a28ec-2726-4386-9445-0f5ca351d985,TCGA-95-A4VK-01Z-00-DX1.D09778E0-285E-4593-84C8-B6009DDF4E41,
TCGA-77-6845-01Z-00-DX1.1d8e2711-a82c-4d9b-97e2-d966417731b7,TCGA-64-1681-01Z-00-DX1.fb0244f6-51a8-4da2-b45c-38d8e02edab7,
TCGA-46-3767-01Z-00-DX1.1f1899f9-7d6e-438c-b7ac-701ea088734d,TCGA-64-5774-01Z-00-DX1.5E3B95EB-BF45-4687-BCF7-AA2A41AA806C,
TCGA-43-2581-01Z-00-DX1.0d1203cf-9ac9-49a2-8bd0-063ceae7b1d3,TCGA-78-7633-01Z-00-DX1.f0cd4825-eb92-4098-954a-fbb1e4851660,
TCGA-33-4533-01Z-00-DX3.5d3d54fc-2bee-4a9e-b9cd-d3ed84b55ef0,TCGA-67-6215-01Z-00-DX1.c014ffaf-6db8-42ef-a50c-9de98d6a5345,
TCGA-77-A5G8-01Z-00-DX1.4F66CA44-C238-4293-882C-5357ABD7115F,TCGA-MN-A4N5-01Z-00-DX1.D0FBA0D2-6245-4EFD-AF2B-849215600DBE,
TCGA-77-7141-01Z-00-DX1.3263490a-cfba-43a8-8198-5139dbf00bf9,TCGA-MP-A4TE-01Z-00-DX1.B4680570-FD2E-47A5-8D50-A508CEB6A62C,
TCGA-77-7138-01Z-00-DX1.8c912762-0829-4692-92a2-545fea2b3e48,TCGA-86-8672-01Z-00-DX1.94ca1954-921d-4ef6-a078-4e0fcb09157f,
TCGA-NC-A5HN-01Z-00-DX1.51BA5504-7EFE-47F9-82A3-DCE0DCCF76D1,TCGA-64-5815-01Z-00-DX1.1E3600B5-7E83-47BE-AC70-E0C2D623740B,
TCGA-60-2703-01Z-00-DX1.13cdede5-0135-4e05-9478-3b728cad247e,TCGA-55-A48Y-01Z-00-DX1.D8735347-E060-439F-B5A1-1E47A958A392,
TCGA-66-2795-01Z-00-DX1.4141cb69-b675-49c4-85c5-21d630b5143d,TCGA-83-5908-01Z-00-DX1.381c8f82-61a0-4e9d-982d-1ad0af7bead9,
TCGA-22-5491-01Z-00-DX1.19908BEC-3DDA-4BCD-9EB1-0D2C4A1E5110,TCGA-44-3396-01Z-00-DX1.187b0a68-ad51-4fcd-819c-b74a8599dbe9,
TCGA-66-2788-01Z-00-DX1.1a57324a-5b00-44ed-912d-9522d0141500,TCGA-78-7155-01Z-00-DX1.32258467-7550-4a1b-8df9-a869fb83e559,
TCGA-66-2756-01Z-00-DX1.e6bda67d-2647-4751-9c16-b711933a1d6c,TCGA-86-8076-01Z-00-DX1.e7378b2f-e20e-4d2f-a86c-3a8ead08a385,
TCGA-NC-A5HO-01Z-00-DX1.0DA8CF7E-0B14-44BA-BFA1-DC2E35B8A20C,TCGA-55-8208-01Z-00-DX1.6eccb7e2-16e4-4d25-9a1e-b370e016020f,
TCGA-63-A5MY-01Z-00-DX1.D3753889-13DC-40D4-8845-22A168F35256,TCGA-44-6145-01Z-00-DX1.175ad655-b054-407d-bb22-3a4f85849488,
TCGA-43-A56V-01Z-00-DX1.AA93FE03-FA7D-42C4-A118-B98C2400D9DA,TCGA-05-4426-01Z-00-DX1.4c9da782-f4aa-4c4f-b3aa-fae2259f236f,
TCGA-52-7810-01Z-00-DX1.54fcdfff-c1ac-4427-bb33-54959695134f,TCGA-05-4396-01Z-00-DX1.49DD5F68-7473-4945-B384-EA6D5AE383CB,
TCGA-56-A4BW-01Z-00-DX1.8ED20788-092B-4C21-9D83-5423D853422F,TCGA-55-5899-01Z-00-DX1.faa65b08-150c-4c74-95aa-1e8743f0152c,
TCGA-60-2697-01Z-00-DX1.e11a5b5b-c4be-4fe1-b7db-08879e55d552,TCGA-55-A494-01Z-00-DX1.8C7C4BE0-791A-47CA-B0A8-1935366350E0,
TCGA-77-8153-01Z-00-DX1.E8E40968-E7AD-4EA2-A832-8EC04D5CB7A1,TCGA-55-8097-01Z-00-DX1.2f847b65-a5dc-41be-9dd0-a1e11df3cd10,
TCGA-LA-A446-01Z-00-DX1.0DC9ABAF-2FED-4F4E-B453-299441CEC607,TCGA-93-A4JN-01Z-00-DX1.ED4C9365-6CCF-4AEE-B4C9-3CC5EC57286C,
TCGA-63-A5MJ-01Z-00-DX1.4F060025-3A21-4FEB-8A63-F55A95BFBA30,TCGA-86-8278-01Z-00-DX1.6500afef-f0f0-4e7c-a6c0-60da81993641,
TCGA-56-8201-01Z-00-DX1.883903fb-d70d-4c72-be76-6788b1bc3b35,TCGA-75-5126-01Z-00-DX1.164887F4-9986-415F-A94A-E40E92D80DA3,
TCGA-77-6843-01Z-00-DX1.5ced4995-81a1-4dfd-82b2-0cabf4538bc5,TCGA-69-7979-01Z-00-DX1.c9bc265d-4889-4333-9852-b8b535887f1e,
TCGA-77-8128-01Z-00-DX1.5831331a-8c82-4817-977e-1842250d9c7b,TCGA-44-2659-01Z-00-DX1.b33f40e6-bc18-48b0-8dad-bdb0a6a200b5,
TCGA-34-A5IX-01Z-00-DX1.E10EE7FC-91EA-4A39-8B1B-1312C8D9620B,TCGA-55-6971-01Z-00-DX1.6c790768-8252-466a-95e1-97d2086a8132,
TCGA-22-5471-01Z-00-DX1.AACEB098-E9B8-4A2B-905E-7D66BE962922,TCGA-69-7974-01Z-00-DX1.e4282067-fc3d-4fee-bae7-fe99000979d4,
TCGA-63-6202-01Z-00-DX1.A0A13923-E41B-4A6D-BC55-532D8E90DE0F,TCGA-53-7813-01Z-00-DX1.97c5eff3-ceeb-499b-b2e1-bcd3cd60c5e7,
TCGA-56-8307-01Z-00-DX1.20EE4B4C-403F-44AA-8B0E-711003E60B8F,TCGA-64-1680-01Z-00-DX1.9CB14F20-E7B0-49A1-A327-404B3160FD65,
TCGA-33-4532-01Z-00-DX2.cd6e3f47-14fd-46e4-baf8-2e682ade44d1,TCGA-78-7542-01Z-00-DX1.2ee042a6-11ee-4668-b254-44144fca4234,
TCGA-46-6026-01Z-00-DX1.e0248ea6-ae04-4960-95a8-f39b8e168a38,TCGA-69-7973-01Z-00-DX1.aefb015a-cb51-425f-a80f-cd51091a0ee3,
TCGA-21-5783-01Z-00-DX1.3FAB28DF-5748-42D5-8257-3D440C4FB5FB,TCGA-75-6212-01Z-00-DX1.FCB36956-DF6C-485D-8E7A-922A2BDAE669,
TCGA-85-8354-01Z-00-DX1.C9188133-08F4-43DD-BB60-6F7293CDB5B9,TCGA-46-6025-01Z-00-DX1.05600f09-0b48-448c-b305-cb881970fc52,
TCGA-56-A4ZJ-01Z-00-DX1.6BB25D9D-75E7-4B44-8560-8A3C3EC9F118,TCGA-85-8288-01Z-00-DX1.0e68535f-a1f3-450c-b8fa-a859f2269da8,
TCGA-63-5131-01Z-00-DX1.C1C3724A-D9FC-46D6-9D7B-9357A58ACAEF,TCGA-46-3769-01Z-00-DX1.97260244-fe08-42da-b5db-80da7f7d8766,
TCGA-92-8065-01Z-00-DX1.cfadb520-1653-4082-9fc3-0680bf39253b,TCGA-22-5489-01Z-00-DX1.0518AF53-5642-40FB-A631-4C50D7707C8F,
TCGA-60-2713-01Z-00-DX1.8cc5fb8d-be9c-4f25-b088-85e1feff834a,TCGA-18-3421-01Z-00-DX1.3777597A-8B36-48A9-B950-C8233392A6D5,
TCGA-43-2576-01Z-00-DX1.779df209-95e1-4303-9c32-4083e8088d8e,TCGA-92-7340-01Z-00-DX1.e0b0240c-9b6c-4da9-b9cb-bc634051fc45,
TCGA-56-8624-01Z-00-DX1.18DFDAB8-1701-4E15-9321-7D99CD15E4B0,TCGA-66-2755-01Z-00-DX1.ccc904f0-4cd3-44a5-8b68-7272f2a7558f,
TCGA-56-8629-01Z-00-DX1.6F79BFD6-36B0-46F4-918B-2F4FF083E3E3,TCGA-21-5782-01Z-00-DX1.E0C856C0-9055-4437-9393-695D699E4F57,
TCGA-22-5481-01Z-00-DX1.6BB77BD0-92FF-43FF-A86C-9EF41B2921DA,TCGA-66-2783-01Z-00-DX1.34df2ea9-f8d8-448e-bd54-02364f434355,
TCGA-LA-A7SW-01Z-00-DX1.A65863F5-EA8F-46F5-A4D1-52FAD3D93E26,TCGA-79-5596-01Z-00-DX1.FE977268-C9D7-4812-887C-C9FF9943C127,
TCGA-56-8503-01Z-00-DX1.87FEB654-FC88-4CDA-8F52-ACF0D9A19191,TCGA-77-6842-01Z-00-DX1.934f1e6a-9c30-40ad-a764-7d0b6fdb92e9,
TCGA-90-A4EE-01Z-00-DX1.3FC7A945-7D20-4A50-9D9E-436924F1A103,TCGA-L3-A4E7-01Z-00-DX1.69F3B1AF-F6DA-41FE-A72E-609F9D42E766,
TCGA-43-2578-01Z-00-DX1.3314c57b-2875-4cb3-8fff-cb9cf65aa697,TCGA-22-4596-01Z-00-DX1.0B754257-5EBB-4ABF-A847-7EFA71C7D9E7,
TCGA-NC-A5HE-01Z-00-DX1.57DE9D24-24C8-4EDF-942B-06777B003F68,TCGA-37-A5EL-01Z-00-DX1.DFD49A5B-27F6-407E-8ADA-54EDACAA0788,
TCGA-77-7337-01Z-00-DX1.e15727e3-e9c8-44a0-87bb-caeaeb00840c,TCGA-66-2792-01Z-00-DX1.988d556c-f65e-4cae-892d-4dfe046ea626,
TCGA-43-A56U-01Z-00-DX1.B60C921A-4EE4-4CAE-9E55-311C7D2DA9E4,TCGA-O2-A52W-01Z-00-DX1.3D388EB0-8402-4540-9E50-7C3757FA5D83,
TCGA-85-8479-01Z-00-DX1.28fef288-9691-47dd-ad51-b2dc0cd84832,TCGA-22-4593-01Z-00-DX1.B573D1D5-88CE-4989-8A18-F9545E8ACA82,
TCGA-77-8136-01Z-00-DX1.15cdacc3-ee04-4323-b5e4-4f6d7085bd38,TCGA-85-8352-01Z-00-DX1.47426016-95BC-49C0-9844-06A3A7EAE5D6,
TCGA-66-2767-01Z-00-DX1.7bcc7633-3e70-46e3-8689-542c23577ed1,TCGA-NC-A5HF-01Z-00-DX1.6371242D-227A-4531-8BB3-FD1AABF770C9,
TCGA-85-7710-01Z-00-DX1.8bcfe326-1c19-4ebe-879d-83e77739f006,TCGA-77-8009-01Z-00-DX1.54adaaba-ddce-4480-9b22-af8e8a85d1d9,
TCGA-77-6844-01Z-00-DX1.5ace8702-ea00-4e0d-84e8-6615fc361f5a,TCGA-52-7811-01Z-00-DX1.7093a626-0e8f-4e4c-80c6-6cf32a2f725e,
TCGA-96-8170-01Z-00-DX1.8283cd4c-f374-4320-88bd-36a462866d24,TCGA-66-2786-01Z-00-DX1.5fd5c25f-cb17-4650-b59e-122c6ddafe86,
TCGA-66-2773-01Z-00-DX1.70fe76fc-749d-4720-a97e-40cd097f2340,TCGA-98-A53H-01Z-00-DX1.B05E6339-440C-4F2E-95B5-F2C96413D488,
TCGA-33-4533-01Z-00-DX2.2dad01a3-daa7-45d9-8c74-97ea5e707524,TCGA-77-7463-01Z-00-DX1.c255e325-1ba7-4108-b8b8-22c02241c83f,
TCGA-33-AASL-01Z-00-DX1.B6BE8062-EFB3-4615-8F9A-52E2C6D4617F,TCGA-63-7021-01Z-00-DX1.568DD2DB-2196-4817-AA00-8843F9A24A62,
TCGA-56-8628-01Z-00-DX1.AAC57164-E0F9-4DF0-87EA-5C50FB201895,TCGA-98-A53B-01Z-00-DX1.5429DF3F-9F1C-4DEE-8A7A-CCB3E2BBDC8A,
TCGA-63-A5MM-01Z-00-DX1.F385687A-3741-4E73-87F1-D9B00B1B6186,TCGA-37-4133-01Z-00-DX1.3dfcb0df-6f4b-4df7-9d04-085b36e03024,
TCGA-43-7658-01Z-00-DX1.db69fbb6-59d7-49f5-adbf-f9c030b85b73,TCGA-NC-A5HK-01Z-00-DX1.9CC2445A-D1EA-4E6E-96CF-710D2CDA073B,
TCGA-52-7622-01Z-00-DX1.cb3bb056-27dd-4c15-9004-b06cc8923663,TCGA-J1-A4AH-01Z-00-DX1.702A5CC6-0BFA-42F4-995B-8567A1DE0D09,
TCGA-77-8140-01Z-00-DX1.b35a0672-9f04-4c34-a894-0ccc38151639,TCGA-63-7020-01Z-00-DX1.33435AC2-9EBC-422C-89DB-962153E8F3F6,
TCGA-66-2742-01Z-00-DX1.8fdd6990-a08c-457b-80e4-586c619a784e,TCGA-43-5668-01Z-00-DX1.0d024872-fbcc-4e91-948b-acc96a00d5eb,
TCGA-60-2710-01Z-00-DX1.45f8ef49-d5bb-404c-9ac5-c7882bc59b45,TCGA-94-7557-01Z-00-DX1.ac61f900-6f9f-44eb-91ad-98c98af8b741,
TCGA-60-2725-01Z-00-DX1.b9d038d6-c2fb-4e46-a4ef-80fdbfb56d0a,TCGA-18-4086-01Z-00-DX1.1D06B771-F978-4763-8D4E-7B540E02C55A,
TCGA-33-4582-01Z-00-DX1.629AEDB6-E9AA-4615-92E8-5DDAAFF6103E,TCGA-22-4613-01Z-00-DX1.4BC3B7B8-99E7-4744-8F5A-089ECCDE144E,
TCGA-33-4533-01Z-00-DX1.ee36717d-0571-40b3-8ab5-5465d2cca920,TCGA-37-3789-01Z-00-DX1.d7a4923e-988e-45e9-a64e-30c983740614,
TCGA-77-8139-01Z-00-DX1.242d68e3-5ee0-4484-8403-e2ffd1ede20b,TCGA-37-A5EN-01Z-00-DX1.C389C26A-2B88-4DCA-9B32-FEECDFFC35A6,
TCGA-85-A4CL-01Z-00-DX1.05BC31FF-3B88-489F-9BD2-5B2B31C72EDB,TCGA-98-A53A-01Z-00-DX1.CB328332-8AA9-483D-8BBF-5FD752A2A6B6,
,TCGA-52-7812-01Z-00-DX1.dd6fa49a-f9fe-40a1-80b2-0824b128f3b2,
,TCGA-56-7822-01Z-00-DX1.c387e241-ff4c-44ef-af45-12a85066f0ce,
,TCGA-39-5028-01Z-00-DX1.7994ec22-746d-4c30-8138-e6c9bc67c71f,
,TCGA-51-4081-01Z-00-DX1.5971d87d-5181-4c7a-91ea-2dfad1bc5fca,
,TCGA-77-7139-01Z-00-DX1.b8b79b0c-4ea0-4f6c-8e6e-29ad76eca78f,
,TCGA-60-2709-01Z-00-DX1.ded10e7c-c1ca-4402-be0e-f3978994d4af,
,TCGA-34-8454-01Z-00-DX1.A2308ED3-E430-4448-853F-B51412354279,
,TCGA-68-7757-01Z-00-DX1.4eece254-a119-436a-af3c-fad8e8b7f74b,
,TCGA-33-4586-01Z-00-DX2.a9798fe4-8db9-41d7-8d00-eb2a9eef1bc0,
,TCGA-33-4586-01Z-00-DX1.3b7dbb34-4bb4-4de5-a67f-1b6260fd8f15,
,TCGA-39-5030-01Z-00-DX1.09d96fb6-9a19-40ae-967e-49f378340f9b,
,TCGA-43-A475-01Z-00-DX1.48694B33-6070-4D6E-9CE4-BDEF072500A1,
,TCGA-63-5128-01Z-00-DX1.7D6C6ABF-D035-4F48-811B-629A0B4AD597,
,TCGA-56-7580-01Z-00-DX1.dc642f9d-20ed-411b-8697-4e33bf7db57e,
,TCGA-77-8130-01Z-00-DX1.e9f78b45-ed59-4e80-83c2-c6d5bb68e622,
,TCGA-39-5031-01Z-00-DX1.f9264b3b-9fdf-4fb7-8752-2d3ffd3de3ea,
,TCGA-63-7022-01Z-00-DX1.93EE6221-32E1-4E97-ABDB-E1814B655852,
,TCGA-60-2726-01Z-00-DX1.3c30934b-c93a-4dad-9c44-b417eae17137,
,TCGA-77-A5GF-01Z-00-DX1.8E70F660-4492-4BEB-A688-217DE27C1E6D,
,TCGA-85-8664-01Z-00-DX1.d83b183e-4cc6-4608-93fb-46e69d36a2fa,
,TCGA-77-8008-01Z-00-DX1.29c3c1c6-7602-40c6-bc86-b40132df9309,
,TCGA-56-6546-01Z-00-DX1.4fecf41b-6757-4c0d-98c4-24b9a65144f1,
,TCGA-63-A5M9-01Z-00-DX1.4E04AC12-6DAC-4DA2-A991-AFCD42FA1CF2,
,TCGA-92-8064-01Z-00-DX1.72c1a8db-146c-4408-8d31-43baba769fdf,
,TCGA-21-1075-01Z-00-DX1.937872ae-4d6f-4d7a-b54f-b7e797cb84b0,
,TCGA-33-A5GW-01Z-00-DX2.8E12990B-CA60-4C94-9309-9A0DA6C63588,
,TCGA-33-A5GW-01Z-00-DX3.7A1C5169-96C6-4ECB-81E1-1050EFE84B60,
,TCGA-33-A5GW-01Z-00-DX1.6F0833B7-EDAB-4DF4-83D9-393D8ADBFCF3,
,TCGA-60-2720-01Z-00-DX1.5ff16714-210d-44c3-856a-5877fd06e986,
,TCGA-56-6545-01Z-00-DX1.24a6678b-2dbf-4539-844e-1e3786c3fac3,
,TCGA-22-4591-01Z-00-DX1.8C89ABEB-A1E3-47D1-B247-02539EF3F959,
,TCGA-56-A49D-01Z-00-DX1.1ECF40A0-1490-42B3-8924-A80E4ED35F93,
,TCGA-37-5819-01Z-00-DX1.3647F836-7BB4-4D41-A85E-CFC0B5CBA216,
,TCGA-60-2714-01Z-00-DX1.13f280a8-c8d3-48bb-8a38-49ce9ad9e1a2,
,TCGA-63-A5MH-01Z-00-DX1.596077FF-9CE1-4EA7-9BB6-222C69872CA4,
,TCGA-63-A5ML-01Z-00-DX1.14703756-F6F7-4EEF-A462-7D40910AE04D,
,TCGA-85-6175-01Z-00-DX1.102f9bad-4084-4e3a-99e9-91e026ad9a62,
,TCGA-98-8020-01Z-00-DX1.fcf8e956-c413-40ae-9f09-610403e70fb3,
,TCGA-22-5472-01Z-00-DX1.1E2A1D5E-C7D3-449E-910F-1199A396804C,
,TCGA-66-2765-01Z-00-DX1.c9d8b0f7-b2c8-45ea-8bd1-81e231fd6e91,
,TCGA-77-A5GH-01Z-00-DX1.2F4C2F84-17AE-415A-BF6C-01A899BAAE68,
,TCGA-O2-A52V-01Z-00-DX1.561ADDAE-EC55-461A-84B5-535C93E39C56,
,TCGA-22-A5C4-01Z-00-DX1.54058689-5CA5-4F92-B18A-86208C24C87D,
,TCGA-66-2758-01Z-00-DX1.23611c66-bd21-47d1-abb0-2f3da38c377f,
,TCGA-98-A53J-01Z-00-DX1.EEC6256E-D331-4731-B00C-08622C725F61,
,TCGA-98-A538-01Z-00-DX1.42BC06E8-8E8F-4CF0-A757-B5201BB2794F,
,TCGA-22-5483-01Z-00-DX1.79EF4B70-4703-4FF1-81CA-20014A932437,
,TCGA-L3-A524-01Z-00-DX1.F3C6DE3B-C59E-4805-A03F-4A0CA3AB2A5E,
,TCGA-94-7033-01Z-00-DX1.43146ed9-30a5-420d-bd92-b1acdce11103,
,TCGA-77-A5G3-01Z-00-DX1.7ED6F76A-333F-43DB-B8DF-86BF259DCEFB,
,TCGA-68-8251-01Z-00-DX1.9d453881-d5b3-4527-93fa-799f34ba2c8f,
,TCGA-39-5021-01Z-00-DX1.4d22d3ca-cb06-43d0-aba7-583f1d706105,
,TCGA-22-5492-01Z-00-DX1.A17DE349-CD76-4B12-9C5C-DB8DFB23C003,
,TCGA-85-8071-01Z-00-DX1.876f6b0b-f615-43b2-8923-ee21f94568b7,
,TCGA-85-7698-01Z-00-DX1.bc8a89a7-356e-4913-9632-627774730f48,
,TCGA-85-8350-01Z-00-DX1.F9A32453-2E24-4874-A1FA-67B4173ABF03,
,TCGA-63-A5MT-01Z-00-DX1.9F168173-804C-49CA-B157-7970CB55ED93,
,TCGA-37-4130-01Z-00-DX1.37ccfdfe-fc20-4809-8dc7-e342242d0bfa,
,TCGA-18-3407-01Z-00-DX1.E7DDA7E3-45A2-4E06-A081-E6A81A672155,
,TCGA-66-2780-01Z-00-DX1.895b75f9-6127-49f9-8106-0161b5de18ec,
,TCGA-85-A511-01Z-00-DX1.24345C5F-BDC2-4D9D-BAE5-686B4C8C66DE,
,TCGA-34-7107-01Z-00-DX1.c72202e6-740d-4891-945c-f360f7c56bc9,
,TCGA-21-5787-01Z-00-DX1.FEE037E3-B9B0-4C2E-97EF-D6E4F64E1DF9,
,TCGA-22-1000-01Z-00-DX1.D2ACF3D3-6187-49A1-ABBC-8D8E611EEE55,
,TCGA-22-1011-01Z-00-DX1.A67E3D3F-4B94-4335-8199-03B7CB75608E,
,TCGA-63-A5MP-01Z-00-DX1.BBA62567-2E99-4AE4-83DB-DCF044F21C5E,
,TCGA-22-5482-01Z-00-DX1.901F90D4-1F4E-4344-925B-37B7DD78B751,
,TCGA-77-A5G7-01Z-00-DX1.F1FECF5D-C940-43D0-B49B-66C95AD9C85A,
,TCGA-43-6647-01Z-00-DX1.ac38a9bb-d5af-42c1-b96c-c1d6b958dd17,
,TCGA-77-A5FZ-01Z-00-DX1.1640E2BB-48CC-4CC0-923A-2EC730597EEF,
,TCGA-56-7579-01Z-00-DX1.627f65b9-ac66-4f71-a6f4-394338b647f0,
,TCGA-22-0944-01Z-00-DX1.3DC7624F-2D59-40D5-9E1F-95FCCD80D0C4,
,TCGA-77-A5G1-01Z-00-DX1.ABE53201-3FAD-4F05-9F2B-91BA6257569C,
,TCGA-66-2744-01Z-00-DX1.e67796a0-fc9e-4137-8cbf-fae91ea90a7c,
,TCGA-85-A510-01Z-00-DX1.F51CBC2D-EAD4-48B8-9444-C864012562F4,
,TCGA-98-A53D-01Z-00-DX1.C83DC622-2C62-40D6-AC07-E8275D414B22,
,TCGA-39-5037-01Z-00-DX1.02636c3e-c843-4741-8fbf-406957fe9d87,
,TCGA-22-1002-01Z-00-DX1.A41CF987-B2E7-4ADE-8580-735631EEE963,
,TCGA-34-2600-01Z-00-DX1.CDCAAE91-3056-4952-B988-00F3722B520B,
,TCGA-43-3920-01Z-00-DX1.33ab7101-e3e6-4156-9c16-efae940c8156,
,TCGA-18-3414-01Z-00-DX1.B76AF657-7A93-4F33-BC1A-2E8BF652FC17,
,TCGA-56-1622-01Z-00-DX1.d4178664-1e21-452f-9dbf-1b23467ddabc,
,TCGA-60-2716-01Z-00-DX1.28642302-a114-4e80-b9db-c04eee7d92d8,
,TCGA-56-5897-01Z-00-DX1.776271b1-77a9-4653-8ed3-13294c9fc056,
,TCGA-33-6738-01Z-00-DX5.4af96952-d323-4d2e-9871-e590b7c5f59d,
,TCGA-33-6738-01Z-00-DX6.631ec263-2df0-4d13-982b-14db382a2532,
,TCGA-33-6738-01Z-00-DX2.3a2fa17d-0297-4b0c-8a5f-aa18c5342ef4,
,TCGA-33-6738-01Z-00-DX3.26deb8f3-f138-45e4-9765-f713030746e8,
,TCGA-33-6738-01Z-00-DX1.d688fae9-4daf-4b6e-b907-fb55e3983d62,
,TCGA-33-6738-01Z-00-DX4.8a8b2411-f425-4181-82cc-0c8535055028,
,TCGA-34-5241-01Z-00-DX1.7abc4737-9a9c-4270-8297-58ea167cea63,
,TCGA-66-2763-01Z-00-DX1.99bc6dec-4e57-45bb-8d94-4dc38657d852,
,TCGA-22-4599-01Z-00-DX1.2178D5C0-A444-44F5-B878-F5D1FB2943C9,
,TCGA-96-7544-01Z-00-DX1.44ce4169-c232-4a9b-ac40-55226179c4fa,
,TCGA-56-7221-01Z-00-DX1.f897f1ee-2796-4183-9312-f47871383327,
,TCGA-56-8309-01Z-00-DX1.5FC5FA81-405A-48AB-AA7D-2D38003A8942,
,TCGA-56-A4ZK-01Z-00-DX1.D6B1AC68-BF70-4C49-A5A1-233D6DA4AE27,
,TCGA-NC-A5HP-01Z-00-DX1.655093A9-AAA7-4637-A33E-90FE3AE2FC43,
,TCGA-56-5898-01Z-00-DX1.d539fc8b-ae31-4820-8c2e-5cf587958eb3,
,TCGA-98-A53I-01Z-00-DX1.B245E2C2-8D75-45EE-8930-44CFFF8B2106,
,TCGA-66-2791-01Z-00-DX1.7ae2b6ab-5284-4772-bc1e-fd608f70e583,
,TCGA-60-2708-01Z-00-DX1.3b59f6dc-02f8-4118-9037-f18ebb9bd539,
,TCGA-39-5016-01Z-00-DX1.b568cdcd-f8bf-4917-ae40-dbd505c36d1e,
,TCGA-22-4594-01Z-00-DX1.3FCEBC89-8473-4841-87A2-F84AF58A7793,
,TCGA-66-2769-01Z-00-DX1.101b6493-a7b3-42cf-ae2f-a90948f3fb8f,
,TCGA-22-1005-01Z-00-DX1.4A151CC3-E57F-4345-817A-2B9DBAF98477,
,TCGA-21-1082-01Z-00-DX1.cae5bbaa-76f5-416d-b532-16cf773e017e,
,TCGA-33-A4WN-01Z-00-DX2.0AC8FFA9-BD94-4B28-8066-5430D6053432,
,TCGA-33-A4WN-01Z-00-DX1.438D0EF6-C329-41E5-A7D5-7F037DE34106,
,TCGA-66-2759-01Z-00-DX1.10135ce3-22d5-4802-907d-057fe54f5554,
,TCGA-NC-A5HJ-01Z-00-DX1.0BC0D0C7-F3D3-463E-BA94-C4289D97F1D9,
,TCGA-37-3792-01Z-00-DX1.d95a9f5f-5bad-48fc-9f90-ed2580328b80,
,TCGA-94-8491-01Z-00-DX1.CC486AFA-3215-4CED-9000-EE4095FF7947,
,TCGA-56-A4BX-01Z-00-DX1.60E64193-473C-4220-9E38-0F5D952BD157,
,TCGA-NC-A5HI-01Z-00-DX1.7C40C0F4-E3A3-4B86-A54E-3347E8CB8BBA,
,TCGA-21-5786-01Z-00-DX1.928370C0-0BD4-43D6-94EB-FE7CB172265E,
,TCGA-22-4595-01Z-00-DX1.42F28D1E-7AC2-4113-B4EC-F1E7850EA14D,
,TCGA-37-4129-01Z-00-DX1.0b52aa1e-20d4-4084-8fa1-2f1b7f09dd5b,
,TCGA-NC-A5HT-01Z-00-DX1.9295B0E3-37FE-4914-AFB3-78B56C893B6D,
,TCGA-22-5480-01Z-00-DX1.A6E25FF1-9616-4F5F-97BD-BA1912C46008,
